Disease	Gene	metap	metafc
Non-Small Cell Lung Carcinoma	HNF1B	8.21e-58	-1.919922937
Non-Small Cell Lung Carcinoma	ARHGAP15	6.95e-38	-2.941904342
Non-Small Cell Lung Carcinoma	LILRA6	1.63e-43	-2.543623884
Non-Small Cell Lung Carcinoma	FCGR3A	4.689999999999999e-58	-1.887965756
Non-Small Cell Lung Carcinoma	EIF1AY	1.4e-59	-1.806040958
Non-Small Cell Lung Carcinoma	HEPH	1.2599999999999998e-45	-2.357601414
Non-Small Cell Lung Carcinoma	MROH7	1.1999999999999999e-59	-1.789802331
Non-Small Cell Lung Carcinoma	TMEM212	4.67e-69	-1.542594518
Non-Small Cell Lung Carcinoma	GCOM1	1.58e-45	-2.343151067
Non-Small Cell Lung Carcinoma	CCDC170	4.889999999999999e-66	-1.6048720419999998
Non-Small Cell Lung Carcinoma	SCUBE2	8.12e-49	-2.164735979
Non-Small Cell Lung Carcinoma	LILRB1	1.1699999999999998e-64	-1.614204552
Non-Small Cell Lung Carcinoma	OTC	6.9899999999999985e-68	-1.521004266
Non-Small Cell Lung Carcinoma	P2RX6	2.1499999999999998e-46	-2.236215616
Non-Small Cell Lung Carcinoma	CCL14	5.6e-39	-2.6509048280000003
Non-Small Cell Lung Carcinoma	CAMP	5.82e-43	-2.386337245
Non-Small Cell Lung Carcinoma	CEBPA	5.73e-57	-1.790527569
Non-Small Cell Lung Carcinoma	FLJ33360	1.06e-48	-2.08171811
Non-Small Cell Lung Carcinoma	MYBPHL	4.32e-43	-2.354130556
Non-Small Cell Lung Carcinoma	MDH1B	2.0499999999999997e-66	-1.516442129
Non-Small Cell Lung Carcinoma	CD302	6.7e-54	-1.8620077380000002
Non-Small Cell Lung Carcinoma	CCL4L2	2.13e-39	-2.559107313
Non-Small Cell Lung Carcinoma	F3	1.6899999999999998e-59	-1.6768682259999999
Non-Small Cell Lung Carcinoma	CLEC4F	3.139999999999999e-42	-2.368632804
Non-Small Cell Lung Carcinoma	C1orf228	4.6e-42	-2.371727302
Non-Small Cell Lung Carcinoma	FAM129A	7.609999999999999e-64	-1.5491703369999998
Non-Small Cell Lung Carcinoma	ADGRE4P	5.96e-46	-2.148631746
Non-Small Cell Lung Carcinoma	WWC2	1.1999999999999999e-52	-1.854806445
Non-Small Cell Lung Carcinoma	HAVCR2	5e-46	-2.119980497
Non-Small Cell Lung Carcinoma	CNTFR	3.439999999999999e-63	-1.5362903680000002
Non-Small Cell Lung Carcinoma	CXCL17	2.0099999999999997e-61	-1.575772289
Non-Small Cell Lung Carcinoma	HYDIN	1.3899999999999998e-36	-2.657664881
Non-Small Cell Lung Carcinoma	SLAMF6	2.1199999999999998e-39	-2.444990616
Non-Small Cell Lung Carcinoma	SLCO4A1	6.589999999999999e-63	-1.5143218530000002
Non-Small Cell Lung Carcinoma	REM1	5.17e-46	-2.057039616
Non-Small Cell Lung Carcinoma	RGS11	9.229999999999999e-49	-1.935383532
Non-Small Cell Lung Carcinoma	SHISA2	1.94e-54	-1.730029993
Non-Small Cell Lung Carcinoma	CSF1R	1.52e-38	-2.392536147
Non-Small Cell Lung Carcinoma	CACNA1C	1.0300000000000001e-57	-1.580045734
Non-Small Cell Lung Carcinoma	ZNF662	1.5600000000000001e-46	-1.9595797069999998
Non-Small Cell Lung Carcinoma	KCNS3	1.4299999999999998e-52	-1.6961642909999999
Non-Small Cell Lung Carcinoma	CFAP53	9.29e-53	-1.678466501
Non-Small Cell Lung Carcinoma	MYL3	2.19e-46	-1.907972024
Non-Small Cell Lung Carcinoma	CCDC33	5.09e-40	-2.211660251
Non-Small Cell Lung Carcinoma	RAB44	6.169999999999999e-57	-1.5439882719999998
Non-Small Cell Lung Carcinoma	GHRL	2.97e-42	-2.077417063
Non-Small Cell Lung Carcinoma	OGFRL1	3.6799999999999996e-47	-1.850674084
Non-Small Cell Lung Carcinoma	FAM179A	1.36e-39	-2.20842963
Non-Small Cell Lung Carcinoma	LEFTY2	5.37e-47	-1.854596259
Non-Small Cell Lung Carcinoma	CFAP77	2.12e-36	-2.4041827590000002
Non-Small Cell Lung Carcinoma	CTSG	6.659999999999998e-57	-1.5074431369999999
Non-Small Cell Lung Carcinoma	CD164L2	6.539999999999999e-38	-2.276835847
Non-Small Cell Lung Carcinoma	PLA2G2A	2.14e-42	-2.022585994
Non-Small Cell Lung Carcinoma	ARMC4	1.1799999999999998e-52	-1.597673682
Non-Small Cell Lung Carcinoma	STAP1	7.44e-35	-2.4228052719999997
Non-Small Cell Lung Carcinoma	CAPN11	5.58e-48	-1.744068304
Non-Small Cell Lung Carcinoma	STX19	3.4999999999999995e-53	-1.568257585
Non-Small Cell Lung Carcinoma	KLK10	1.41e-38	-2.1700439830000002
Non-Small Cell Lung Carcinoma	PLCB2	5.32e-38	-2.164175967
Non-Small Cell Lung Carcinoma	OCA2	1.34e-46	-1.757872024
Non-Small Cell Lung Carcinoma	ZNF831	9.919999999999999e-45	-1.826944048
Non-Small Cell Lung Carcinoma	ABCC6	7.66e-39	-2.096341667
Non-Small Cell Lung Carcinoma	CD96	6.0899999999999995e-31	-2.632593417
Non-Small Cell Lung Carcinoma	DPRX	3.5299999999999997e-47	-1.7085815830000002
Non-Small Cell Lung Carcinoma	ATP13A5	1.79e-44	-1.807184656
Non-Small Cell Lung Carcinoma	SLC25A34	1.4199999999999996e-44	-1.793333974
Non-Small Cell Lung Carcinoma	AGBL2	3.07e-43	-1.8435192880000002
Non-Small Cell Lung Carcinoma	FAM13A-AS1	1.81e-49	-1.60084937
Non-Small Cell Lung Carcinoma	GSTA3	4.1999999999999997e-50	-1.558174554
Non-Small Cell Lung Carcinoma	PTPN7	1.5099999999999998e-37	-2.082950694
Non-Small Cell Lung Carcinoma	GIMAP5	2.04e-32	-2.415454187
Non-Small Cell Lung Carcinoma	FABP5	4.719999999999999e-50	-1.550731815
Non-Small Cell Lung Carcinoma	PPP1R32	1.21e-38	-2.0144842169999997
Non-Small Cell Lung Carcinoma	ABI3	3.61e-34	-2.24687451
Non-Small Cell Lung Carcinoma	TMEM128	9.850000000000001e-50	-1.526813636
Non-Small Cell Lung Carcinoma	CCL16	1.5199999999999998e-34	-2.198429342
Non-Small Cell Lung Carcinoma	KLK11	2.1899999999999996e-34	-2.208086824
Non-Small Cell Lung Carcinoma	ZNF418	8.81e-44	-1.720026349
Non-Small Cell Lung Carcinoma	SP140	4.26e-30	-2.504376611
Non-Small Cell Lung Carcinoma	PRMT8	1.83e-36	-2.05466131
Non-Small Cell Lung Carcinoma	HLA-DQB2	2.04e-32	-2.29544623
Non-Small Cell Lung Carcinoma	ZNF671	1.15e-28	-2.58185625
Non-Small Cell Lung Carcinoma	INSC	1.18e-40	-1.792482423
Non-Small Cell Lung Carcinoma	C16orf71	1.32e-37	-1.9383793009999999
Non-Small Cell Lung Carcinoma	ACSBG1	5.6100000000000006e-36	-2.016025
Non-Small Cell Lung Carcinoma	ADAMTSL2	3.5600000000000004e-33	-2.185301644
Non-Small Cell Lung Carcinoma	ITGB2	1.54e-44	-1.613155935
Non-Small Cell Lung Carcinoma	CD80	8.35e-34	-2.133090056
Non-Small Cell Lung Carcinoma	RASAL3	1.87e-43	-1.648386235
Non-Small Cell Lung Carcinoma	TTC32	1.8899999999999996e-45	-1.567704545
Non-Small Cell Lung Carcinoma	CD3D	1.43e-23	-3.025571769
Non-Small Cell Lung Carcinoma	GZMK	1.82e-40	-1.736261599
Non-Small Cell Lung Carcinoma	PAMR1	2.23e-42	-1.6556980159999999
Non-Small Cell Lung Carcinoma	LCK	6.199999999999999e-35	-2.008443985
Non-Small Cell Lung Carcinoma	EFCAB12	6.870000000000001e-44	-1.588688515
Non-Small Cell Lung Carcinoma	BEND5	8.239999999999999e-40	-1.746724524
Non-Small Cell Lung Carcinoma	PDGFRB	4.96e-43	-1.6078858630000001
Non-Small Cell Lung Carcinoma	CACNG6	2.7400000000000006e-28	-2.466540807
Non-Small Cell Lung Carcinoma	PDE4C	2.0200000000000002e-27	-2.5378060319999998
Non-Small Cell Lung Carcinoma	SLC5A8	2.21e-39	-1.7484054830000002
Non-Small Cell Lung Carcinoma	AQP10	1.0999999999999999e-41	-1.640820704
Non-Small Cell Lung Carcinoma	KCNJ16	4.86e-33	-2.078967196
Non-Small Cell Lung Carcinoma	RSPH10B2	5.22e-27	-2.5229852680000002
Non-Small Cell Lung Carcinoma	CXCR6	8.83e-30	-2.278321769
Non-Small Cell Lung Carcinoma	SLC26A4	2.46e-31	-2.156055195
Non-Small Cell Lung Carcinoma	GSTA2	2.64e-28	-2.390881151
Non-Small Cell Lung Carcinoma	CD209	6.5599999999999995e-22	-3.0827096939999996
Non-Small Cell Lung Carcinoma	LCA5L	4.9099999999999995e-37	-1.7955799159999999
Non-Small Cell Lung Carcinoma	TM4SF4	1.6399999999999995e-41	-1.5869682230000002
Non-Small Cell Lung Carcinoma	C1orf186	2.3999999999999997e-36	-1.787111064
Non-Small Cell Lung Carcinoma	CCL3L3	1.0300000000000002e-25	-2.5402551819999997
Non-Small Cell Lung Carcinoma	STOX2	3.0599999999999995e-38	-1.687757769
Non-Small Cell Lung Carcinoma	APCDD1	8.45e-40	-1.61333986
Non-Small Cell Lung Carcinoma	CXorf21	2.6099999999999996e-32	-1.976221429
Non-Small Cell Lung Carcinoma	NNMT	3.3399999999999997e-29	-2.177267937
Non-Small Cell Lung Carcinoma	TRABD2A	6.0299999999999996e-33	-1.91606875
Non-Small Cell Lung Carcinoma	HCG27	2.36e-31	-2.003304329
Non-Small Cell Lung Carcinoma	CCDC39	3.18e-27	-2.315228241
Non-Small Cell Lung Carcinoma	CTSZ	1.4399999999999998e-40	-1.527694436
Non-Small Cell Lung Carcinoma	MUSTN1	6.199999999999999e-29	-2.137598413
Non-Small Cell Lung Carcinoma	DMTN	8.050000000000001e-28	-2.215542628
Non-Small Cell Lung Carcinoma	MOGAT1	6.38e-33	-1.846159944
Non-Small Cell Lung Carcinoma	WFDC6	1.22e-24	-2.470024923
Non-Small Cell Lung Carcinoma	MYOM1	3.7400000000000003e-29	-2.077195402
Non-Small Cell Lung Carcinoma	LOC606724	2.96e-29	-2.0683209330000003
Non-Small Cell Lung Carcinoma	CARD9	2.8899999999999994e-37	-1.60486369
Non-Small Cell Lung Carcinoma	CYP2F1	3.56e-38	-1.563100821
Non-Small Cell Lung Carcinoma	PLEKHS1	2.21e-38	-1.530966796
Non-Small Cell Lung Carcinoma	GRM7	2.65e-26	-2.239554167
Non-Small Cell Lung Carcinoma	ENTPD1	3.74e-33	-1.752503456
Non-Small Cell Lung Carcinoma	ARRDC5	7.66e-27	-2.1602953780000003
Non-Small Cell Lung Carcinoma	TREML1	1.12e-27	-2.090896145
Non-Small Cell Lung Carcinoma	KIR2DL3	3.64e-29	-1.969842611
Non-Small Cell Lung Carcinoma	ALDH1A2	2.7399999999999997e-29	-1.945826361
Non-Small Cell Lung Carcinoma	LINC00341	2.2499999999999998e-35	-1.595988442
Non-Small Cell Lung Carcinoma	APOC2	1.1200000000000001e-24	-2.308108374
Non-Small Cell Lung Carcinoma	SLC6A1	4.529999999999999e-37	-1.5051306119999999
Non-Small Cell Lung Carcinoma	CDH26	4.239999999999999e-31	-1.7970688890000002
Non-Small Cell Lung Carcinoma	CXCR4	5.29e-26	-2.153762325
Non-Small Cell Lung Carcinoma	GSTM2	4.3000000000000004e-29	-1.898276848
Non-Small Cell Lung Carcinoma	GPR162	3.66e-30	-1.8254198259999999
Non-Small Cell Lung Carcinoma	CLYBL	2.31e-32	-1.679283188
Non-Small Cell Lung Carcinoma	DIO1	5.04e-28	-1.938947024
Non-Small Cell Lung Carcinoma	ZNF135	1.55e-30	-1.775316101
Non-Small Cell Lung Carcinoma	MYH3	2.3e-25	-2.142525044
Non-Small Cell Lung Carcinoma	KCNRG	1.3299999999999999e-30	-1.7528255069999998
Non-Small Cell Lung Carcinoma	ANKRD20A1	3.1199999999999995e-35	-1.5094064630000001
Non-Small Cell Lung Carcinoma	CCL3	9.19e-27	-1.991202521
Non-Small Cell Lung Carcinoma	FABP3	1.2499999999999999e-31	-1.6294571430000002
Non-Small Cell Lung Carcinoma	STOML3	9.3e-33	-1.5354469080000002
Non-Small Cell Lung Carcinoma	CYP4F12	4.929999999999999e-26	-1.938399762
Non-Small Cell Lung Carcinoma	DNAH3	1.4e-32	-1.539997716
Non-Small Cell Lung Carcinoma	PDE1A	1.2699999999999999e-23	-2.140864063
Non-Small Cell Lung Carcinoma	CES4A	1.57e-22	-2.184167725
Non-Small Cell Lung Carcinoma	NTF4	9.29e-26	-1.894299524
Non-Small Cell Lung Carcinoma	M1AP	3.9199999999999995e-30	-1.602801229
Non-Small Cell Lung Carcinoma	CXorf65	5.600000000000001e-25	-1.94268564
Non-Small Cell Lung Carcinoma	LRMP	3.7699999999999997e-22	-2.171028699
Non-Small Cell Lung Carcinoma	ZNF295-AS1	3.28e-27	-1.7558755380000002
Non-Small Cell Lung Carcinoma	SPARC	3.7699999999999995e-30	-1.568028978
Non-Small Cell Lung Carcinoma	CCDC13	1.02e-24	-1.91865997
Non-Small Cell Lung Carcinoma	CCDC78	1.2699999999999999e-23	-2.005558492
Non-Small Cell Lung Carcinoma	PRODH	4.7299999999999996e-23	-2.05630683
Non-Small Cell Lung Carcinoma	PHLDB1	1.83e-30	-1.5387697619999998
Non-Small Cell Lung Carcinoma	SPOCD1	4.479999999999999e-25	-1.875127706
Non-Small Cell Lung Carcinoma	LPAR6	1.02e-28	-1.630003694
Non-Small Cell Lung Carcinoma	ICAM5	2.82e-26	-1.780618254
Non-Small Cell Lung Carcinoma	MATK	3.6200000000000004e-21	-2.224989762
Non-Small Cell Lung Carcinoma	ACAP1	2e-27	-1.685891043
Non-Small Cell Lung Carcinoma	CD6	7.339999999999999e-24	-1.937386281
Non-Small Cell Lung Carcinoma	SLC43A2	2.3999999999999997e-23	-1.978736667
Non-Small Cell Lung Carcinoma	CD22	4.98e-27	-1.6939958130000001
Non-Small Cell Lung Carcinoma	RUFY4	1.2500000000000001e-22	-2.034191327
Non-Small Cell Lung Carcinoma	SMOC2	3e-22	-2.0668641219999997
Non-Small Cell Lung Carcinoma	CCDC153	1.58e-26	-1.7209466930000001
Non-Small Cell Lung Carcinoma	MYH14	4.379999999999999e-19	-2.396001825
Non-Small Cell Lung Carcinoma	BEST4	1.0200000000000001e-26	-1.688047504
Non-Small Cell Lung Carcinoma	BPIFB1	2.5300000000000003e-21	-2.1051717
Non-Small Cell Lung Carcinoma	TNFSF12	1.62e-24	-1.821353125
Non-Small Cell Lung Carcinoma	SIGLEC9	2.7899999999999994e-25	-1.7636069730000001
Non-Small Cell Lung Carcinoma	NCF1C	2.9e-24	-1.834307242
Non-Small Cell Lung Carcinoma	FAM47E	1.2299999999999998e-26	-1.660513781
Non-Small Cell Lung Carcinoma	MYLK4	7.58e-27	-1.634348115
Non-Small Cell Lung Carcinoma	CIDEB	1.6100000000000002e-20	-2.126949921
Non-Small Cell Lung Carcinoma	SORCS1	1.6999999999999998e-28	-1.514037897
Non-Small Cell Lung Carcinoma	MAPK15	4.0399999999999994e-23	-1.8499408259999999
Non-Small Cell Lung Carcinoma	TTLL10	1.85e-22	-1.899917163
Non-Small Cell Lung Carcinoma	FGA	1e-23	-1.7913719959999999
Non-Small Cell Lung Carcinoma	CHRD	1.64e-27	-1.5351321430000002
Non-Small Cell Lung Carcinoma	P2RX2	2.25e-19	-2.1960619869999998
Non-Small Cell Lung Carcinoma	CRISP2	1.6300000000000002e-19	-2.16712996
Non-Small Cell Lung Carcinoma	GRP	4.58e-18	-2.347085165
Non-Small Cell Lung Carcinoma	SPATA4	4.8e-20	-2.102123082
Non-Small Cell Lung Carcinoma	DNAH5	3.46e-22	-1.8887243390000001
Non-Small Cell Lung Carcinoma	CRIPAK	7.699999999999999e-25	-1.6364265119999999
Non-Small Cell Lung Carcinoma	HMGCS2	2.25e-24	-1.643116412
Non-Small Cell Lung Carcinoma	C8orf46	6.520000000000001e-23	-1.749793849
Non-Small Cell Lung Carcinoma	NWD1	2.02e-15	-2.641141319
Non-Small Cell Lung Carcinoma	INPP5D	2.2e-22	-1.7701512609999999
Non-Small Cell Lung Carcinoma	IL18	2.92e-24	-1.6192217740000001
Non-Small Cell Lung Carcinoma	LINC00908	4.6700000000000005e-23	-1.705095326
Non-Small Cell Lung Carcinoma	CCDC114	5.5100000000000004e-21	-1.8760047619999998
Non-Small Cell Lung Carcinoma	C1QTNF5	6.670000000000001e-19	-2.0872315130000003
Non-Small Cell Lung Carcinoma	TMEM91	3.81e-22	-1.7669323019999998
Non-Small Cell Lung Carcinoma	PDE6A	4.96e-22	-1.7395657219999998
Non-Small Cell Lung Carcinoma	C2CD4B	5.83e-20	-1.9246305419999998
Non-Small Cell Lung Carcinoma	PLA2G12B	7.26e-21	-1.8203801590000002
Non-Small Cell Lung Carcinoma	WAS	9.950000000000001e-19	-2.0356405840000003
Non-Small Cell Lung Carcinoma	C8A	1.95e-16	-2.329681032
Non-Small Cell Lung Carcinoma	ESM1	6.15e-24	-1.554557246
Non-Small Cell Lung Carcinoma	HLA-DRB3	1.32e-21	-1.63756576
Non-Small Cell Lung Carcinoma	VSIG10	1.98e-19	-1.8091566909999999
Non-Small Cell Lung Carcinoma	ZNF334	1.41e-16	-2.13448665
Non-Small Cell Lung Carcinoma	ST5	1.0100000000000001e-22	-1.531559286
Non-Small Cell Lung Carcinoma	CCDC183	1.3000000000000001e-20	-1.68367188
Non-Small Cell Lung Carcinoma	IFITM2	9.75e-16	-2.200631481
Non-Small Cell Lung Carcinoma	GGT6	1.2e-16	-2.051668737
Non-Small Cell Lung Carcinoma	TMEM175	9.37e-19	-1.801699863
Non-Small Cell Lung Carcinoma	SLC27A1	8.640000000000001e-17	-2.017907209
Non-Small Cell Lung Carcinoma	DMRTA1	2.36e-21	-1.5674932540000002
Non-Small Cell Lung Carcinoma	MS4A6E	1.67e-15	-2.18666436
Non-Small Cell Lung Carcinoma	SLAMF1	2.2400000000000004e-16	-2.029289456
Non-Small Cell Lung Carcinoma	UMODL1-AS1	2.15e-17	-1.893857911
Non-Small Cell Lung Carcinoma	PENK	1.13e-18	-1.756046275
Non-Small Cell Lung Carcinoma	GNMT	3.5799999999999994e-21	-1.5410192059999999
Non-Small Cell Lung Carcinoma	FABP6	1.48e-18	-1.756329744
Non-Small Cell Lung Carcinoma	PNPLA2	4.03e-21	-1.51589381
Non-Small Cell Lung Carcinoma	LRRC29	5.8799999999999995e-18	-1.791720635
Non-Small Cell Lung Carcinoma	GDPD5	6.57e-16	-2.031860714
Non-Small Cell Lung Carcinoma	TUB	2.56e-17	-1.85815582
Non-Small Cell Lung Carcinoma	CD68	3.2200000000000003e-15	-2.1261344159999997
Non-Small Cell Lung Carcinoma	CPE	1.59e-18	-1.715790909
Non-Small Cell Lung Carcinoma	APOB	1.57e-14	-2.202376821
Non-Small Cell Lung Carcinoma	AUTS2	3.22e-18	-1.7011375
Non-Small Cell Lung Carcinoma	POU2AF1	7.53e-14	-2.208875595
Non-Small Cell Lung Carcinoma	CFAP45	2.52e-15	-1.985170172
Non-Small Cell Lung Carcinoma	HTR2B	6.2700000000000005e-15	-2.0377099999999997
Non-Small Cell Lung Carcinoma	NAT1	6.54e-19	-1.5854079369999998
Non-Small Cell Lung Carcinoma	MIR21	3.82e-18	-1.62689681
Non-Small Cell Lung Carcinoma	MAG	8.970000000000001e-18	-1.655272742
Non-Small Cell Lung Carcinoma	TSPAN32	2.16e-15	-1.911174603
Non-Small Cell Lung Carcinoma	LY6H	9.499999999999999e-17	-1.7358259740000002
Non-Small Cell Lung Carcinoma	SNORD97	3.68e-16	-1.800723123
Non-Small Cell Lung Carcinoma	AGBL4	4.36e-18	-1.59780907
Non-Small Cell Lung Carcinoma	MORN1	2.26e-15	-1.87727371
Non-Small Cell Lung Carcinoma	NAT8B	1.3e-17	-1.61484871
Non-Small Cell Lung Carcinoma	LRTOMT	1.5199999999999998e-15	-1.8392211109999999
Non-Small Cell Lung Carcinoma	OR2A9P	2.3e-17	-1.611439789
Non-Small Cell Lung Carcinoma	SLC19A1	7.8e-17	-1.662784841
Non-Small Cell Lung Carcinoma	HPX	8.240000000000001e-18	-1.5633505490000001
Non-Small Cell Lung Carcinoma	MALL	6.85e-16	-1.753986772
Non-Small Cell Lung Carcinoma	RNA5S9	2.15e-12	-2.27747963
Non-Small Cell Lung Carcinoma	PTPRT	1.14e-15	-1.776735317
Non-Small Cell Lung Carcinoma	C9orf116	1.05e-15	-1.742345595
Non-Small Cell Lung Carcinoma	ABHD12B	6.17e-14	-1.960268006
Non-Small Cell Lung Carcinoma	IFNLR1	2.58e-16	-1.6530108369999998
Non-Small Cell Lung Carcinoma	APOA1	1.2e-13	-1.982855595
Non-Small Cell Lung Carcinoma	SCARNA13	3.5299999999999997e-16	-1.652081364
Non-Small Cell Lung Carcinoma	HEMK1	1.29e-14	-1.831623721
Non-Small Cell Lung Carcinoma	APOBEC3A	4.9100000000000005e-15	-1.7437565480000001
Non-Small Cell Lung Carcinoma	CRACR2B	9.23e-14	-1.9106669840000001
Non-Small Cell Lung Carcinoma	NAP1L3	1.5e-15	-1.67672381
Non-Small Cell Lung Carcinoma	SLC23A1	8.209999999999999e-15	-1.7605308819999999
Non-Small Cell Lung Carcinoma	SPAG8	2.0000000000000002e-11	-2.313727183
Non-Small Cell Lung Carcinoma	SIGLEC12	2.77e-16	-1.571861404
Non-Small Cell Lung Carcinoma	FOXJ1	1.9899999999999999e-13	-1.91993545
Non-Small Cell Lung Carcinoma	FOCAD	2.62e-14	-1.7934922080000002
Non-Small Cell Lung Carcinoma	PRR4	6.24e-15	-1.701175694
Non-Small Cell Lung Carcinoma	ZNF649	3.0499999999999997e-12	-2.094948246
Non-Small Cell Lung Carcinoma	FAM65C	8.64e-16	-1.598560507
Non-Small Cell Lung Carcinoma	IFT81	1.35e-16	-1.502110256
Non-Small Cell Lung Carcinoma	IFITM1	3.48e-10	-2.496041667
Non-Small Cell Lung Carcinoma	SNORA51	3.23e-16	-1.523729699
Non-Small Cell Lung Carcinoma	NPR2	1.35e-15	-1.574814327
Non-Small Cell Lung Carcinoma	IDO2	5.68e-13	-1.90415558
Non-Small Cell Lung Carcinoma	PDZD4	7.440000000000001e-15	-1.6409934519999998
Non-Small Cell Lung Carcinoma	GFI1	1.1900000000000002e-13	-1.7780962409999999
Non-Small Cell Lung Carcinoma	GTF2IRD2B	1.13e-14	-1.64718283
Non-Small Cell Lung Carcinoma	LUM	6.16e-09	-2.792379762
Non-Small Cell Lung Carcinoma	FMNL3	6.65e-12	-2.011570513
Non-Small Cell Lung Carcinoma	CNTROB	4.82e-15	-1.566881044
Non-Small Cell Lung Carcinoma	PIH1D3	1.97e-10	-2.273953026
Non-Small Cell Lung Carcinoma	TCF7L1	8.91e-14	-1.6840998630000001
Non-Small Cell Lung Carcinoma	POFUT2	4.64e-14	-1.644238095
Non-Small Cell Lung Carcinoma	BTNL3	6.28e-14	-1.64540123
Non-Small Cell Lung Carcinoma	SLC16A10	1.52e-08	-2.7716654760000003
Non-Small Cell Lung Carcinoma	LRRC8C	1.03e-14	-1.5483666669999998
Non-Small Cell Lung Carcinoma	DLGAP1-AS1	3.7600000000000005e-11	-2.058973077
Non-Small Cell Lung Carcinoma	COL5A3	8.84e-09	-2.650002976
Non-Small Cell Lung Carcinoma	PKD2L1	2.7399999999999997e-11	-2.008367932
Non-Small Cell Lung Carcinoma	LRRC56	6.17e-13	-1.729269524
Non-Small Cell Lung Carcinoma	ZNF211	5.23e-12	-1.86070582
Non-Small Cell Lung Carcinoma	KIF21B	5.4600000000000006e-12	-1.807680952
Non-Small Cell Lung Carcinoma	ZCCHC6	6.61e-12	-1.7920158880000001
Non-Small Cell Lung Carcinoma	CYP2C8	7.42e-13	-1.6512562730000002
Non-Small Cell Lung Carcinoma	CDK18	1.1400000000000002e-13	-1.54109119
Non-Small Cell Lung Carcinoma	GLYCTK	1.1199999999999999e-13	-1.53217432
Non-Small Cell Lung Carcinoma	IQCG	7.89e-12	-1.78102037
Non-Small Cell Lung Carcinoma	PLXNB1	2.24e-10	-2.0370288359999997
Non-Small Cell Lung Carcinoma	ZDHHC1	1.58e-11	-1.8142922019999999
Non-Small Cell Lung Carcinoma	HLA-DRB4	6.51e-12	-1.748301855
Non-Small Cell Lung Carcinoma	DUXAP3	6.409999999999999e-11	-1.907529541
Non-Small Cell Lung Carcinoma	LINC01278	4.39e-11	-1.86710207
Non-Small Cell Lung Carcinoma	SORCS2	3.4400000000000003e-12	-1.679703755
Non-Small Cell Lung Carcinoma	LY6G5C	9.08e-12	-1.714261451
Non-Small Cell Lung Carcinoma	PDGFRA	1.26e-11	-1.7097985830000002
Non-Small Cell Lung Carcinoma	ZNF415	1.45e-12	-1.560806111
Non-Small Cell Lung Carcinoma	RYR3	3.9800000000000004e-12	-1.618002579
Non-Small Cell Lung Carcinoma	CPT1C	1.77e-08	-2.3732
Non-Small Cell Lung Carcinoma	THEMIS	1.74e-11	-1.685886905
Non-Small Cell Lung Carcinoma	HABP4	6.769999999999999e-10	-1.974715625
Non-Small Cell Lung Carcinoma	SLC2A6	1.45e-07	-2.598447222
Non-Small Cell Lung Carcinoma	CHRNA10	7.83e-12	-1.597054365
Non-Small Cell Lung Carcinoma	IFNAR1	5.160000000000001e-11	-1.721036508
Non-Small Cell Lung Carcinoma	VSIG8	5.28e-09	-2.133838889
Non-Small Cell Lung Carcinoma	GUCA1B	1.26e-09	-1.984042308
Non-Small Cell Lung Carcinoma	GAS8	6.56e-10	-1.919489506
Non-Small Cell Lung Carcinoma	PIWIL4	2.64e-10	-1.830180075
Non-Small Cell Lung Carcinoma	VTRNA2-1	1.61e-11	-1.605091667
Non-Small Cell Lung Carcinoma	CAPS	9.04e-11	-1.7075982140000001
Non-Small Cell Lung Carcinoma	PODN	2.43e-10	-1.782216071
Non-Small Cell Lung Carcinoma	PPP2R2B	4.42e-10	-1.831469597
Non-Small Cell Lung Carcinoma	CPEB1	6.07e-10	-1.858028333
Non-Small Cell Lung Carcinoma	DNMBP-AS1	1.89e-10	-1.757264762
Non-Small Cell Lung Carcinoma	ADRA1B	1.38e-10	-1.732077778
Non-Small Cell Lung Carcinoma	GGA1	3.5e-11	-1.630893819
Non-Small Cell Lung Carcinoma	WDR93	4.09e-10	-1.8034423119999998
Non-Small Cell Lung Carcinoma	CRYGS	1.01e-08	-2.106858333
Non-Small Cell Lung Carcinoma	FBXO15	7.259999999999999e-12	-1.5083274309999999
Non-Small Cell Lung Carcinoma	FLT3	1.51e-11	-1.525720975
Non-Small Cell Lung Carcinoma	GNA15	9.919999999999999e-10	-1.820180208
Non-Small Cell Lung Carcinoma	OVGP1	1.6000000000000002e-10	-1.661141786
Non-Small Cell Lung Carcinoma	MFSD7	3.15e-10	-1.704003788
Non-Small Cell Lung Carcinoma	TECPR1	9.76e-08	-2.3037527780000002
Non-Small Cell Lung Carcinoma	FOXO1	4.0499999999999996e-11	-1.551890517
Non-Small Cell Lung Carcinoma	DMC1	1.09e-10	-1.592000641
Non-Small Cell Lung Carcinoma	TP53INP1	1.7500000000000002e-10	-1.596332804
Non-Small Cell Lung Carcinoma	DNAAF3	3.64e-09	-1.833419405
Non-Small Cell Lung Carcinoma	RNASEH2C	1.3e-09	-1.735777778
Non-Small Cell Lung Carcinoma	SLC4A7	8.98e-10	-1.69356875
Non-Small Cell Lung Carcinoma	LXN	6.090000000000001e-10	-1.655146952
Non-Small Cell Lung Carcinoma	PLXDC1	9.53e-11	-1.520426984
Non-Small Cell Lung Carcinoma	SPAG7	5.38e-07	-2.419848958
Non-Small Cell Lung Carcinoma	SEPT7P2	3.6799999999999997e-10	-1.593556349
Non-Small Cell Lung Carcinoma	CSPG5	2.18e-10	-1.55055119
Non-Small Cell Lung Carcinoma	FAAH	1.54e-10	-1.523981667
Non-Small Cell Lung Carcinoma	CYBA	7.14e-10	-1.612275595
Non-Small Cell Lung Carcinoma	PRPH	4.46e-10	-1.555384444
Non-Small Cell Lung Carcinoma	MEGF6	1.88e-09	-1.651916479
Non-Small Cell Lung Carcinoma	PCBP4	6.820000000000001e-09	-1.7586405219999999
Non-Small Cell Lung Carcinoma	SLC22A23	2.36e-09	-1.659031973
Non-Small Cell Lung Carcinoma	SLC43A3	9.030000000000001e-10	-1.5795182819999998
Non-Small Cell Lung Carcinoma	PIN4	1.87e-09	-1.614113631
Non-Small Cell Lung Carcinoma	SLC7A6	2.6800000000000003e-09	-1.6373435440000002
Non-Small Cell Lung Carcinoma	SH2D2A	1.57e-09	-1.5872705130000002
Non-Small Cell Lung Carcinoma	MRPL57	3.7e-09	-1.6238013690000002
Non-Small Cell Lung Carcinoma	ERMAP	1.1899999999999999e-08	-1.70433494
Non-Small Cell Lung Carcinoma	CHST12	3.3700000000000004e-08	-1.7895860540000001
Non-Small Cell Lung Carcinoma	LEPR	4.3700000000000004e-09	-1.59393745
Non-Small Cell Lung Carcinoma	ST3GAL2	3.8100000000000004e-08	-1.7922871790000001
Non-Small Cell Lung Carcinoma	TCEAL3	3.4100000000000004e-09	-1.567690377
Non-Small Cell Lung Carcinoma	CDRT4	2.2999999999999998e-08	-1.737166283
Non-Small Cell Lung Carcinoma	MBD1	5.26e-08	-1.8168512819999998
Non-Small Cell Lung Carcinoma	CMTM8	1.49e-07	-1.924802489
Non-Small Cell Lung Carcinoma	DPEP3	2.93e-09	-1.527718821
Non-Small Cell Lung Carcinoma	DICER1-AS1	7.18e-08	-1.810543424
Non-Small Cell Lung Carcinoma	OR7D2	2.08e-08	-1.669768254
Non-Small Cell Lung Carcinoma	FAM160B2	4.92e-06	-2.41375
Non-Small Cell Lung Carcinoma	HAND1	6.1199999999999995e-09	-1.535056236
Non-Small Cell Lung Carcinoma	DCAF5	6.47e-08	-1.7510294530000001
Non-Small Cell Lung Carcinoma	TUT1	1.9e-06	-2.181691667
Non-Small Cell Lung Carcinoma	ZNF274	2.58e-08	-1.6354128209999999
Non-Small Cell Lung Carcinoma	GDPD3	1.73e-08	-1.5661215419999999
